Date,Abap,Ada,C/C++,C#,Cobol,Dart,Delphi/Pascal,Go,Groovy,Haskell,Java,JavaScript,Julia,Kotlin,Lua,Matlab,Objective-C,Perl,PHP,Powershell,Python,R,Ruby,Rust,Scala,Swift,TypeScript,VBA,Visual Basic
July 2004,0.33999999999999997,0.36,10.01,4.68,0.42,0,2.8000000000000003,0,0.03,0.22,30.159999999999997,8.59,0,0.24,0.16,2.1,0.19,7.33,18.62,0.16,2.5100000000000002,0.38999999999999996,0.33,0.24,0.16999999999999998,0,0,1.43,8.5
August 2004,0.35000000000000003,0.36,9.74,4.96,0.45999999999999996,0,2.65,0,0.06999999999999999,0.2,29.799999999999997,8.72,0,0.22,0.15,2.03,0.18,7.07,19.139999999999997,0.15,2.62,0.4,0.4,0.19,0.16999999999999998,0,0,1.4500000000000002,8.51
September 2004,0.41000000000000003,0.41000000000000003,9.59,5.04,0.51,0,2.64,0,0.08,0.21,29.59,8.67,0,0.15,0.19,2.1,0.19,7.000000000000001,19.42,0.08,2.71,0.4,0.41000000000000003,0.16999999999999998,0.13,0,0,1.54,8.38
October 2004,0.4,0.38,9.47,5.29,0.53,0,2.76,0,0.09,0.2,29.020000000000003,8.44,0,0.11,0.22,2.23,0.2,7.1499999999999995,19.28,0.12,2.91,0.42,0.45999999999999996,0.12,0.13999999999999999,0,0,1.6099999999999999,8.459999999999999
November 2004,0.38,0.38,9.48,5.220000000000001,0.5499999999999999,0,2.75,0,0.06999999999999999,0.24,29.48,8.48,0,0.08,0.22999999999999998,2.1999999999999997,0.22,7.03,19.36,0.12,2.83,0.41000000000000003,0.44,0.16999999999999998,0.15,0,0,1.5,8.21
December 2004,0.36,0.37,9.53,5.220000000000001,0.53,0,2.76,0,0.09,0.22,29.69,8.53,0,0.08,0.21,2.1399999999999997,0.21,7.04,19.68,0.04,2.7,0.38999999999999996,0.42,0.19,0.12,0,0,1.4500000000000002,8.06
January 2005,0.38999999999999996,0.38,9.69,5.2299999999999995,0.5599999999999999,0,2.65,0,0.11,0.21,29.64,8.36,0,0.04,0.24,2.21,0.19,6.99,19.79,0.04,2.91,0.38999999999999996,0.47000000000000003,0.15,0.09,0,0,1.5,7.779999999999999
February 2005,0.37,0.38999999999999996,9.86,5.2,0.49,0,2.6599999999999997,0,0.06999999999999999,0.21,30.240000000000002,8.110000000000001,0,0.04,0.25,2.31,0.18,6.909999999999999,19.59,0.05,2.87,0.38,0.44999999999999996,0.16,0.09,0,0.01,1.4500000000000002,7.6499999999999995
March 2005,0.33999999999999997,0.37,9.87,5.37,0.44999999999999996,0,2.65,0,0.08,0.22999999999999998,30.15,8.260000000000002,0,0.04,0.22999999999999998,2.35,0.15,6.859999999999999,19.509999999999998,0.05,2.8000000000000003,0.42,0.45999999999999996,0.13,0.11,0,0.01,1.44,7.66
April 2005,0.33999999999999997,0.36,9.83,5.41,0.41000000000000003,0,2.55,0,0.08,0.22,30.5,8.38,0,0.02,0.22,2.21,0.13,6.72,19.900000000000002,0.01,2.77,0.4,0.43,0.13999999999999999,0.1,0,0.01,1.35,7.51
May 2005,0.35000000000000003,0.37,9.700000000000001,5.609999999999999,0.4,0,2.4899999999999998,0,0.09,0.22999999999999998,30.19,8.24,0,0,0.22999999999999998,2.23,0.13,6.74,19.84,0.05,2.87,0.41000000000000003,0.47000000000000003,0.11,0.09,0,0.05,1.46,7.6499999999999995
June 2005,0.35000000000000003,0.36,9.44,5.76,0.4,0,2.4299999999999997,0,0.08,0.22999999999999998,30.34,8.33,0,0,0.24,2.2800000000000002,0.12,6.550000000000001,19.75,0.08,2.94,0.41000000000000003,0.5499999999999999,0.09,0.09,0,0.06,1.55,7.57
July 2005,0.33,0.33999999999999997,9.28,6.16,0.38999999999999996,0,2.5,0,0.08,0.24,30.29,8.4,0,0,0.21,2.27,0.13,6.460000000000001,19.45,0.08,2.97,0.44,0.62,0.11,0.1,0,0.08,1.58,7.51
August 2005,0.32,0.3,9.139999999999999,6.140000000000001,0.4,0,2.35,0,0.09,0.24,30.209999999999997,8.61,0,0,0.21,2.12,0.11,6.510000000000001,19.62,0.09,3.1199999999999997,0.44,0.66,0.12,0.09,0,0.09,1.6099999999999999,7.41
September 2005,0.36,0.29,9.04,6.17,0.4,0,2.32,0,0.08,0.22,30.15,8.35,0,0,0.26,2.0500000000000003,0.13,6.58,19.82,0.09,3.27,0.44999999999999996,0.79,0.16999999999999998,0.05,0,0.11,1.6,7.26
October 2005,0.38,0.31,8.690000000000001,6.18,0.44999999999999996,0,2.4299999999999997,0,0.08,0.24,30.099999999999998,8.15,0,0,0.27999999999999997,2.18,0.13999999999999999,6.59,19.61,0.09,3.46,0.49,0.9400000000000001,0.16,0.05,0,0.11,1.69,7.199999999999999
November 2005,0.38,0.27999999999999997,8.48,6.3100000000000005,0.44999999999999996,0,2.46,0,0.06999999999999999,0.25,30.2,8.219999999999999,0,0,0.3,2.27,0.13,6.54,19.56,0.06,3.63,0.51,1.09,0.16999999999999998,0.02,0,0.06999999999999999,1.6400000000000001,6.909999999999999
December 2005,0.38999999999999996,0.27999999999999997,8.37,6.529999999999999,0.48,0,2.44,0,0.08,0.27,29.84,8.12,0,0,0.32,2.35,0.11,6.5600000000000005,19.33,0.03,3.88,0.53,1.24,0.16,0.06,0,0.06,1.66,6.909999999999999
January 2006,0.4,0.29,8.51,6.2700000000000005,0.44999999999999996,0,2.39,0,0.09,0.27,29.720000000000002,8.1,0,0,0.35000000000000003,2.32,0.11,6.329999999999999,19.67,0.08,3.9600000000000004,0.51,1.37,0.15,0.11,0,0.1,1.6,6.88
February 2006,0.41000000000000003,0.32,8.4,6.36,0.51,0,2.48,0,0.09,0.3,29.75,7.960000000000001,0,0.01,0.37,2.41,0.13,6.11,19.49,0.06,3.95,0.5599999999999999,1.58,0.13999999999999999,0.13,0,0.08,1.67,6.7299999999999995
March 2006,0.37,0.27999999999999997,8.35,6.47,0.48,0,2.39,0,0.1,0.3,30.04,8.02,0,0.02,0.33999999999999997,2.54,0.11,5.8999999999999995,19.5,0.06,3.93,0.53,1.68,0.09,0.13,0,0.06,1.6400000000000001,6.65
April 2006,0.35000000000000003,0.25,8.450000000000001,6.65,0.44,0,2.17,0,0.11,0.29,30.06,8.08,0,0.05,0.35000000000000003,2.46,0.1,5.76,19.91,0.08,3.8,0.52,1.78,0.09,0.16,0,0.06,1.53,6.5
May 2006,0.33999999999999997,0.24,8.52,6.619999999999999,0.44,0,2.06,0,0.11,0.27999999999999997,30.130000000000003,8.260000000000002,0,0.06,0.35000000000000003,2.2800000000000002,0.1,5.52,20.28,0.09,3.6999999999999997,0.52,1.9,0.06999999999999999,0.15,0,0.06,1.51,6.45
June 2006,0.33999999999999997,0.22999999999999998,8.63,6.45,0.44,0,1.92,0,0.11,0.27999999999999997,30.330000000000002,8.38,0,0.08,0.36,2.23,0.11,5.35,20.57,0.1,3.65,0.52,1.9,0.06999999999999999,0.13,0,0.06,1.48,6.29
July 2006,0.35000000000000003,0.22,8.459999999999999,6.64,0.45999999999999996,0,1.91,0,0.09,0.29,30.349999999999998,8.41,0,0.08,0.4,2.31,0.13,5.4,20.45,0.1,3.5700000000000003,0.5599999999999999,1.92,0.08,0.12,0,0,1.48,6.23
August 2006,0.35000000000000003,0.2,8.43,6.78,0.38999999999999996,0,1.8599999999999999,0,0.11,0.26,30.18,8.37,0,0.08,0.38999999999999996,2.27,0.11,5.4399999999999995,20.54,0.11,3.64,0.51,2.07,0.08,0.13,0,0,1.5,6.1899999999999995
September 2006,0.33999999999999997,0.21,8.28,6.909999999999999,0.41000000000000003,0,1.95,0,0.09,0.27,29.970000000000002,8.35,0,0.06999999999999999,0.44,2.13,0.13,5.5,20.45,0.13,3.7900000000000005,0.53,2.1999999999999997,0.09,0.16,0,0,1.58,6.04
October 2006,0.33999999999999997,0.25,8.21,6.959999999999999,0.41000000000000003,0,2.02,0,0.06999999999999999,0.3,29.81,8.39,0,0.04,0.44999999999999996,2.19,0.13999999999999999,5.47,20.19,0.1,3.91,0.54,2.27,0.09,0.15,0,0,1.69,6.01
November 2006,0.36,0.25,8.15,7.000000000000001,0.41000000000000003,0,1.9900000000000002,0,0.09,0.32,29.89,8.450000000000001,0,0.04,0.44,2.25,0.13999999999999999,5.4,20.05,0.1,3.95,0.53,2.29,0.09,0.16,0,0,1.7500000000000002,5.8999999999999995
December 2006,0.4,0.27999999999999997,8.18,7.049999999999999,0.4,0,1.96,0,0.06999999999999999,0.33999999999999997,29.99,8.35,0,0.01,0.47000000000000003,2.29,0.13999999999999999,5.390000000000001,19.900000000000002,0.11,3.9699999999999998,0.5700000000000001,2.37,0.09,0.13,0,0,1.7000000000000002,5.84
January 2007,0.38,0.27999999999999997,8.12,7.140000000000001,0.38,0,1.92,0,0.06999999999999999,0.35000000000000003,30.06,8.38,0,0.02,0.42,2.26,0.11,5.42,19.85,0.06999999999999999,4.14,0.5700000000000001,2.5,0.08,0.09,0,0,1.72,5.67
February 2007,0.4,0.24,8.260000000000002,7.02,0.41000000000000003,0,1.91,0.01,0.05,0.38,30.270000000000003,8.41,0,0.01,0.42,2.4,0.11,5.21,19.57,0.06,4.34,0.62,2.4899999999999998,0.06,0.08,0,0,1.6500000000000001,5.609999999999999
March 2007,0.38999999999999996,0.24,8.24,6.9,0.38,0,1.76,0.06,0.04,0.38,30.570000000000004,8.36,0,0.06,0.37,2.42,0.09,4.88,19.82,0.08,4.29,0.62,2.4899999999999998,0.09,0.06999999999999999,0,0.06999999999999999,1.63,5.6899999999999995
April 2007,0.38,0.21,8.1,6.78,0.38999999999999996,0,1.78,0.06,0.06999999999999999,0.35000000000000003,30.470000000000002,8.38,0,0.06,0.35000000000000003,2.5100000000000002,0.08,4.81,20.02,0.09,4.390000000000001,0.6,2.62,0.09,0.06,0,0.06999999999999999,1.6,5.67
May 2007,0.38,0.18,8.07,6.75,0.36,0,1.76,0.06,0.06999999999999999,0.33999999999999997,30.43,8.27,0,0.11,0.36,2.52,0.08,4.78,20.28,0.11,4.42,0.63,2.63,0.08,0.1,0,0.08,1.5599999999999998,5.58
June 2007,0.32,0.13,7.9,6.81,0.32,0,1.8399999999999999,0.06999999999999999,0.08,0.31,30.55,8.36,0,0.12,0.3,2.39,0.06,4.78,20.32,0.09,4.47,0.58,2.76,0.08,0.11,0,0.08,1.6199999999999999,5.55
July 2007,0.33999999999999997,0.13999999999999999,7.99,6.72,0.32,0,1.79,0.09,0.08,0.27999999999999997,30.570000000000004,8.48,0,0.11,0.33,2.39,0.06999999999999999,4.65,20.29,0.09,4.34,0.59,2.8000000000000003,0.06999999999999999,0.12,0,0.1,1.66,5.58
August 2007,0.36,0.22,7.9399999999999995,6.74,0.32,0,1.6500000000000001,0.12,0.09,0.29,30.669999999999998,8.57,0,0.13,0.35000000000000003,2.2399999999999998,0.08,4.569999999999999,20.74,0.11,4.17,0.58,2.78,0.09,0.13999999999999999,0,0.1,1.6500000000000001,5.29
September 2007,0.36,0.22,7.9399999999999995,6.83,0.33999999999999997,0,1.71,0.06999999999999999,0.1,0.27999999999999997,30.64,8.57,0,0.06999999999999999,0.35000000000000003,2.22,0.09,4.75,20.72,0.11,4.21,0.62,2.8000000000000003,0.06,0.12,0,0.03,1.6400000000000001,5.13
October 2007,0.36,0.2,8.04,6.94,0.33999999999999997,0,1.73,0.06999999999999999,0.1,0.29,30.7,8.55,0,0.06999999999999999,0.37,2.15,0.06999999999999999,4.75,20.41,0.13,4.26,0.69,2.78,0.05,0.12,0,0.03,1.66,5.12
November 2007,0.37,0.31,8.06,6.97,0.36,0,1.7500000000000002,0.06999999999999999,0.13999999999999999,0.27999999999999997,30.54,8.41,0,0.06999999999999999,0.37,2.1999999999999997,0.06,4.8,19.830000000000002,0.22999999999999998,4.46,0.74,2.83,0.05,0.13999999999999999,0,0.02,1.67,5.27
December 2007,0.41000000000000003,0.33999999999999997,8.01,6.94,0.4,0,1.72,0.06,0.21,0.31,30.220000000000002,8.290000000000001,0,0.06,0.4,2.31,0.12,4.73,19.46,0.32,4.61,0.8,2.79,0.08,0.32,0,0.2,1.67,5.220000000000001
January 2008,0.38,0.3,8.04,6.959999999999999,0.38999999999999996,0,1.63,0.05,0.22999999999999998,0.33,30.39,8.09,0,0.06,0.38999999999999996,2.37,0.1,4.569999999999999,19.580000000000002,0.32,4.8,0.79,2.8400000000000003,0.08,0.33,0,0.18,1.66,5.13
February 2008,0.36,0.24,7.99,7.109999999999999,0.38999999999999996,0,1.71,0.06,0.27,0.33999999999999997,30.15,7.95,0,0.08,0.4,2.46,0.13,4.4799999999999995,19.48,0.33,4.93,0.8500000000000001,2.83,0.06999999999999999,0.31,0,0.18,1.67,5.2299999999999995
March 2008,0.36,0.24,7.99,7.140000000000001,0.38999999999999996,0,1.67,0.05,0.27999999999999997,0.36,30.11,8.110000000000001,0,0.08,0.43,2.53,0.11,4.34,19.139999999999997,0.33,5.04,0.8500000000000001,2.87,0.06,0.32,0,0.18,1.69,5.34
April 2008,0.35000000000000003,0.24,7.960000000000001,7.2700000000000005,0.38999999999999996,0,1.6099999999999999,0.05,0.29,0.36,30.320000000000004,8.09,0,0.09,0.42,2.52,0.11,4.2,19.189999999999998,0.31,5.01,0.8200000000000001,2.88,0.06999999999999999,0.33999999999999997,0,0.21,1.73,5.17
May 2008,0.33999999999999997,0.13,7.91,7.4399999999999995,0.38999999999999996,0,1.6400000000000001,0.05,0.22999999999999998,0.33,30.2,8.28,0,0.04,0.41000000000000003,2.52,0.12,4.12,19.470000000000002,0.21,5.06,0.79,2.9000000000000004,0.06999999999999999,0.29,0,0.21,1.76,5.09
June 2008,0.32,0.09,7.93,7.66,0.38999999999999996,0,1.72,0.09,0.16999999999999998,0.33999999999999997,30.320000000000004,8.25,0,0.04,0.44,2.54,0.08,3.9800000000000004,19.67,0.16,5.029999999999999,0.77,2.94,0.03,0.12,0,0.03,1.77,5.1
July 2008,0.36,0.15,7.89,7.75,0.42,0,1.79,0.08,0.2,0.35000000000000003,30.049999999999997,8.200000000000001,0,0.06,0.44999999999999996,2.55,0.13,4.04,19.56,0.22,5.06,0.8099999999999999,2.85,0.03,0.1,0,0.03,1.7399999999999998,5.12
August 2008,0.35000000000000003,0.16,7.829999999999999,7.829999999999999,0.42,0,1.87,0.04,0.16,0.31,29.849999999999998,8.02,0,0.04,0.45999999999999996,2.5700000000000003,0.12,4.08,19.48,0.21,5.2,0.8,2.93,0.03,0.1,0,0.06,1.79,5.3
September 2008,0.38999999999999996,0.18,7.9399999999999995,7.960000000000001,0.44,0,1.8800000000000001,0.06999999999999999,0.16,0.31,29.57,7.870000000000001,0,0.04,0.45999999999999996,2.55,0.15,4.09,19.66,0.18,5.27,0.83,2.87,0.05,0.06999999999999999,0,0.06999999999999999,1.7500000000000002,5.18
October 2008,0.42,0.22,8.08,7.95,0.44999999999999996,0,1.8499999999999999,0.06999999999999999,0.22999999999999998,0.32,28.860000000000003,7.870000000000001,0,0.03,0.44999999999999996,2.68,0.16,4.14,19.49,0.25,5.58,0.8699999999999999,2.8400000000000003,0.06,0.08,0,0.06999999999999999,1.6500000000000001,5.34
November 2008,0.42,0.22999999999999998,8.290000000000001,7.95,0.42,0,1.81,0.06999999999999999,0.27999999999999997,0.31,28.82,7.75,0,0.05,0.44999999999999996,2.7199999999999998,0.18,4.15,19.259999999999998,0.26,5.7299999999999995,0.84,2.77,0.06,0.08,0,0.06999999999999999,1.67,5.35
December 2008,0.43,0.3,8.469999999999999,7.829999999999999,0.41000000000000003,0,1.7399999999999998,0.05,0.38,0.3,28.57,7.7299999999999995,0,0.1,0.42,2.76,0.21,4.18,19.07,0.31,5.89,0.8999999999999999,2.69,0.06,0.16999999999999998,0,0.09,1.68,5.28
January 2009,0.4,0.25,8.49,7.829999999999999,0.38,0,1.7399999999999998,0.06,0.4,0.3,28.24,7.99,0,0.1,0.42,2.7,0.18,4.12,18.82,0.3,6.21,0.9299999999999999,2.68,0.06,0.2,0,0.11,1.71,5.390000000000001
February 2009,0.38,0.29,8.73,7.739999999999999,0.38999999999999996,0,1.63,0.09,0.41000000000000003,0.27999999999999997,28.22,7.9399999999999995,0,0.1,0.38999999999999996,2.79,0.19,4.130000000000001,18.64,0.36,6.25,0.96,2.65,0.06,0.18,0,0.08,1.68,5.4
March 2009,0.37,0.27999999999999997,8.64,7.630000000000001,0.33999999999999997,0,1.6400000000000001,0.06,0.45999999999999996,0.33999999999999997,28.16,7.89,0,0.1,0.41000000000000003,2.98,0.18,4.17,18.38,0.38,6.370000000000001,0.9900000000000001,2.67,0.06,0.2,0,0.06999999999999999,1.81,5.45
April 2009,0.35000000000000003,0.22999999999999998,8.62,7.62,0.35000000000000003,0,1.67,0.06999999999999999,0.4,0.35000000000000003,28.38,7.779999999999999,0,0.1,0.42,2.87,0.18,4.15,18.59,0.33,6.3100000000000005,1.01,2.63,0.04,0.19,0,0.05,1.87,5.45
May 2009,0.37,0.22,8.7,7.4399999999999995,0.38999999999999996,0,1.6199999999999999,0.08,0.38,0.37,28.32,7.630000000000001,0,0.09,0.45999999999999996,2.85,0.16,4.08,18.77,0.37,6.36,1.08,2.64,0.04,0.18,0,0.05,1.9300000000000002,5.43
June 2009,0.37,0.16999999999999998,8.67,7.33,0.38999999999999996,0,1.54,0.06999999999999999,0.3,0.36,28.189999999999998,7.779999999999999,0,0.04,0.44999999999999996,2.8899999999999997,0.13999999999999999,4.09,19.139999999999997,0.33,6.419999999999999,1.06,2.6599999999999997,0.04,0.1,0,0.01,2,5.4399999999999995
July 2009,0.4,0.2,9.02,7.23,0.4,0,1.5,0.06,0.27,0.33,27.900000000000002,7.53,0,0.03,0.44,3.08,0.13,4.14,19.1,0.32,6.54,1.05,2.65,0.05,0.08,0,0,2.16,5.4
August 2009,0.43,0.12,9.1,7.1,0.44999999999999996,0,1.53,0.04,0.27999999999999997,0.35000000000000003,27.639999999999997,7.66,0,0.02,0.42,2.97,0.09,4.09,19.24,0.35000000000000003,6.67,1.04,2.64,0.05,0.09,0,0,2.21,5.4
September 2009,0.41000000000000003,0.1,9.54,7.000000000000001,0.44,0,1.47,0.04,0.24,0.26,27.68,7.7,0,0.03,0.38,2.87,0.1,4.04,19.3,0.4,6.67,1.03,2.6,0.04,0.11,0,0,2.17,5.390000000000001
October 2009,0.43,0.12,9.77,6.76,0.48,0,1.43,0.04,0.25,0.22999999999999998,27.639999999999997,7.61,0,0.02,0.38999999999999996,2.9899999999999998,0.11,3.9800000000000004,19.09,0.44999999999999996,6.79,1.05,2.65,0.06,0.09,0,0,2.21,5.34
November 2009,0.43,0.13999999999999999,9.950000000000001,6.69,0.47000000000000003,0,1.4200000000000002,0.03,0.25,0.22999999999999998,27.66,7.64,0,0.05,0.37,3.0300000000000002,0.13,3.95,18.9,0.44999999999999996,6.819999999999999,1.04,2.6,0.05,0.12,0,0,2.23,5.36
December 2009,0.44,0.13999999999999999,10.27,6.58,0.48,0,1.41,0.02,0.29,0.25,27.72,7.449999999999999,0,0.05,0.38999999999999996,3.11,0.16,3.85,18.61,0.51,6.78,1.06,2.55,0.06999999999999999,0.13,0,0,2.2800000000000002,5.4
January 2010,0.48,0.13,10.489999999999998,6.38,0.53,0,1.3599999999999999,0.03,0.32,0.26,28.07,7.42,0,0.05,0.42,3.0300000000000002,0.21,3.6999999999999997,18.55,0.5599999999999999,6.54,1.13,2.53,0.06999999999999999,0.16999999999999998,0,0,2.21,5.35
February 2010,0.49,0.13999999999999999,10.75,6.329999999999999,0.49,0,1.31,0.03,0.33999999999999997,0.22999999999999998,28.299999999999997,7.290000000000001,0,0.05,0.5,3.2,0.24,3.64,18.37,0.53,6.4399999999999995,1.0999999999999999,2.42,0.06999999999999999,0.2,0,0,2.22,5.33
March 2010,0.5499999999999999,0.16,10.93,6.17,0.52,0,1.28,0.03,0.37,0.27,28.249999999999996,7.26,0,0.05,0.53,3.29,0.27,3.51,18.18,0.5499999999999999,6.39,1.18,2.34,0.06999999999999999,0.18,0,0,2.3,5.37
April 2010,0.53,0.13,11.25,6.16,0.48,0,1.26,0.03,0.37,0.27,28.449999999999996,7.380000000000001,0,0.05,0.51,3.29,0.25,3.36,18.2,0.5499999999999999,6.25,1.1400000000000001,2.19,0.06,0.2,0,0,2.3,5.35
May 2010,0.58,0.12,11.48,6.16,0.51,0,1.25,0.03,0.37,0.26,28.37,7.290000000000001,0,0.02,0.49,3.32,0.29,3.25,18.11,0.5700000000000001,6.1899999999999995,1.22,2.19,0.06999999999999999,0.2,0,0,2.36,5.3100000000000005
June 2010,0.61,0.13,11.55,6.239999999999999,0.53,0,1.29,0.03,0.38,0.25,28.299999999999997,7.33,0,0.01,0.49,3.29,0.3,3.25,17.91,0.6,6.22,1.1900000000000002,2.16,0.06,0.2,0,0,2.35,5.319999999999999
July 2010,0.58,0.12,11.48,6.38,0.51,0,1.29,0.02,0.38,0.26,28.060000000000002,7.2700000000000005,0,0,0.47000000000000003,3.45,0.33999999999999997,3.2800000000000002,17.8,0.65,6.22,1.17,2.16,0.06,0.2,0,0,2.45,5.4
August 2010,0.6,0.13,11.559999999999999,6.38,0.54,0,1.25,0.02,0.4,0.27999999999999997,28.34,7.180000000000001,0,0,0.42,3.34,0.43,3.2199999999999998,17.53,0.67,6.18,1.22,2.21,0.06,0.22999999999999998,0,0,2.55,5.28
September 2010,0.61,0.13999999999999999,11.68,6.41,0.5499999999999999,0,1.26,0.02,0.38,0.26,28.37,7.1,0,0,0.41000000000000003,3.2800000000000002,0.48,3.18,17.330000000000002,0.7100000000000001,6.3,1.17,2.32,0.06,0.26,0,0,2.55,5.17
October 2010,0.66,0.2,11.75,6.47,0.5599999999999999,0,1.23,0.03,0.38999999999999996,0.26,28.15,6.859999999999999,0,0,0.45999999999999996,3.3099999999999996,0.65,3.1199999999999997,16.93,0.76,6.38,1.23,2.45,0.08,0.29,0,0,2.62,5.1499999999999995
November 2010,0.63,0.21,11.81,6.550000000000001,0.52,0,1.21,0.04,0.4,0.26,28.26,6.8500000000000005,0,0,0.49,3.39,0.76,3.08,16.54,0.76,6.4399999999999995,1.24,2.5,0.08,0.27999999999999997,0,0,2.54,5.16
December 2010,0.62,0.22999999999999998,11.92,6.52,0.52,0,1.23,0.03,0.38,0.31,28.09,6.72,0,0,0.5,3.4099999999999997,1.03,2.97,16.28,0.77,6.510000000000001,1.31,2.63,0.09,0.32,0,0,2.46,5.1499999999999995
January 2011,0.62,0.26,12.21,6.39,0.48,0,1.18,0.04,0.33,0.33,28.449999999999996,6.81,0,0,0.49,3.2399999999999998,1.15,2.79,16.21,0.73,6.65,1.32,2.62,0.09,0.31,0,0,2.32,4.9799999999999995
February 2011,0.61,0.25,12.46,6.41,0.43,0.01,1.1400000000000001,0.03,0.29,0.33999999999999997,28.23,6.93,0,0,0.47000000000000003,3.36,1.3,2.67,16.23,0.7000000000000001,6.87,1.28,2.55,0.09,0.29,0,0.01,2.12,4.92
March 2011,0.59,0.25,12.509999999999998,6.460000000000001,0.42,0.02,1.1400000000000001,0.03,0.3,0.37,28.09,6.94,0,0,0.48,3.4299999999999997,1.48,2.56,16.189999999999998,0.64,6.909999999999999,1.29,2.55,0.06999999999999999,0.29,0,0.02,2.07,4.93
April 2011,0.59,0.22,12.509999999999998,6.45,0.41000000000000003,0.02,1.15,0.01,0.33999999999999997,0.38,28.18,7.07,0,0,0.44999999999999996,3.3300000000000005,1.6099999999999999,2.5700000000000003,16.27,0.5599999999999999,6.84,1.29,2.4899999999999998,0.05,0.27,0,0.02,2,4.9399999999999995
May 2011,0.65,0.22,12.5,6.329999999999999,0.42,0.03,1.18,0.01,0.37,0.37,28.16,7.13,0,0,0.44,3.15,1.76,2.44,16.41,0.58,6.909999999999999,1.31,2.4699999999999998,0.04,0.3,0,0.03,1.91,4.91
June 2011,0.64,0.21,12.47,6.2700000000000005,0.38,0.05,1.16,0.02,0.37,0.32,28.24,7.17,0,0,0.42,3.09,1.78,2.46,16.54,0.5599999999999999,6.890000000000001,1.3,2.5700000000000003,0.03,0.27999999999999997,0,0.03,1.92,4.8
July 2011,0.66,0.16999999999999998,12.479999999999999,6.3,0.38999999999999996,0.06,1.16,0.02,0.35000000000000003,0.27,28.189999999999998,7.049999999999999,0,0.02,0.44999999999999996,3.1300000000000003,1.96,2.42,16.520000000000003,0.5499999999999999,6.9,1.31,2.58,0.02,0.27999999999999997,0,0.03,1.94,4.79
August 2011,0.69,0.18,12.41,6.22,0.41000000000000003,0.06,1.18,0.02,0.38,0.27,28.16,7.03,0,0.02,0.47000000000000003,3.01,2.07,2.46,16.33,0.58,6.890000000000001,1.35,2.6599999999999997,0.03,0.27999999999999997,0,0.02,2.04,4.79
September 2011,0.7000000000000001,0.18,12.620000000000001,6.069999999999999,0.4,0.06,1.0999999999999999,0.03,0.38999999999999996,0.26,28.23,7.04,0,0.03,0.5,2.8400000000000003,2.22,2.48,16.29,0.6,6.98,1.37,2.5700000000000003,0.04,0.29,0,0.02,2.02,4.6899999999999995
October 2011,0.72,0.19,12.889999999999999,5.94,0.38999999999999996,0.06,1.06,0.03,0.33,0.25,28.12,7.08,0,0.03,0.5,2.85,2.27,2.4,16.150000000000002,0.64,7.199999999999999,1.39,2.5700000000000003,0.05,0.33,0,0.02,1.9900000000000002,4.54
November 2011,0.6799999999999999,0.19,12.709999999999999,5.9799999999999995,0.37,0.09,0.9900000000000001,0.04,0.32,0.25,27.79,7.090000000000001,0,0.03,0.5,2.91,2.68,2.44,15.939999999999998,0.64,7.37,1.4200000000000002,2.6,0.06999999999999999,0.33999999999999997,0,0.02,2.11,4.41
December 2011,0.7100000000000001,0.22,12.370000000000001,6.13,0.37,0.06999999999999999,0.9900000000000001,0.03,0.33,0.25,27.779999999999998,7.19,0,0.03,0.5,2.9499999999999997,2.97,2.3,15.75,0.64,7.68,1.43,2.44,0.06999999999999999,0.35000000000000003,0,0.02,2.1399999999999997,4.29
January 2012,0.72,0.22999999999999998,11.940000000000001,6.4,0.37,0.08,0.96,0.03,0.37,0.27,27.6,7.23,0,0.02,0.49,2.9899999999999998,3.38,2.29,15.6,0.63,7.7700000000000005,1.44,2.42,0.06999999999999999,0.38,0,0.03,2.16,4.15
February 2012,0.72,0.22,11.39,6.77,0.36,0.09,0.95,0.03,0.37,0.27999999999999997,27.33,7.22,0.02,0.02,0.49,3.0700000000000003,3.6900000000000004,2.29,15.540000000000001,0.69,7.82,1.49,2.44,0.06999999999999999,0.38,0,0.03,2.21,4.01
March 2012,0.72,0.22,10.6,7.28,0.38999999999999996,0.12,0.9400000000000001,0.03,0.33999999999999997,0.26,27.400000000000002,7.1499999999999995,0.04,0.01,0.44999999999999996,3.16,3.85,2.22,15.329999999999998,0.77,7.969999999999999,1.52,2.5100000000000002,0.06999999999999999,0.37,0,0.02,2.27,4.02
April 2012,0.74,0.22,9.65,7.779999999999999,0.41000000000000003,0.13999999999999999,0.96,0.02,0.33999999999999997,0.27999999999999997,27.200000000000003,7.1,0.06999999999999999,0.01,0.49,3.2399999999999998,4.22,2.22,15.06,0.88,8,1.5599999999999998,2.59,0.08,0.38999999999999996,0,0.02,2.37,3.9600000000000004
May 2012,0.75,0.24,9.21,8.08,0.38,0.13999999999999999,0.9900000000000001,0.02,0.35000000000000003,0.32,27.38,6.99,0.09,0.02,0.54,3.25,4.16,2.23,15.07,0.9299999999999999,8.02,1.5699999999999998,2.62,0.08,0.37,0,0.01,2.34,3.8600000000000003
June 2012,0.72,0.2,9.04,8.38,0.38999999999999996,0.16,0.96,0.02,0.35000000000000003,0.3,27.150000000000002,6.92,0.1,0.02,0.58,3.2099999999999995,4.36,2.21,15.15,0.9299999999999999,7.99,1.5699999999999998,2.68,0.06999999999999999,0.36,0,0.01,2.32,3.8600000000000003
July 2012,0.73,0.22,8.77,8.61,0.38,0.15,0.9900000000000001,0.02,0.36,0.3,27.139999999999997,6.83,0.12,0.01,0.62,3.15,4.36,2.19,15,1.02,8.02,1.68,2.73,0.06999999999999999,0.38,0,0,2.32,3.82
August 2012,0.76,0.24,8.61,8.89,0.35000000000000003,0.13999999999999999,0.97,0.03,0.35000000000000003,0.3,27.01,6.92,0.11,0.02,0.65,3.1,4.47,2.13,14.760000000000002,1.04,8.129999999999999,1.72,2.7199999999999998,0.06,0.38999999999999996,0,0,2.2800000000000002,3.85
September 2012,0.75,0.27,8.6,9.09,0.33999999999999997,0.15,0.9900000000000001,0.04,0.38,0.32,26.840000000000003,6.94,0.11,0.02,0.72,3.04,4.590000000000001,2.13,14.64,1.01,8.14,1.7500000000000002,2.73,0.06,0.38999999999999996,0,0,2.21,3.7600000000000002
October 2012,0.7000000000000001,0.26,8.68,9.22,0.31,0.13,0.95,0.06,0.38,0.32,26.840000000000003,6.97,0.1,0.04,0.7100000000000001,2.97,4.7,2.09,14.81,0.9199999999999999,8.19,1.76,2.6599999999999997,0.05,0.38999999999999996,0,0,2.0500000000000003,3.74
November 2012,0.7000000000000001,0.24,8.75,9.34,0.32,0.1,0.8999999999999999,0.06999999999999999,0.38999999999999996,0.32,26.61,7.049999999999999,0.08,0.03,0.7100000000000001,2.98,4.8500000000000005,2.04,14.610000000000001,0.8699999999999999,8.27,1.81,2.74,0.04,0.44999999999999996,0,0,2.0500000000000003,3.6900000000000004
December 2012,0.67,0.26,8.61,9.5,0.3,0.1,0.8500000000000001,0.06999999999999999,0.37,0.33,26.640000000000004,7.04,0.1,0.04,0.6799999999999999,3.04,4.87,2.09,14.39,0.88,8.38,1.8599999999999999,2.74,0.04,0.45999999999999996,0,0,2.0500000000000003,3.65
January 2013,0.66,0.27999999999999997,8.66,9.45,0.29,0.1,0.86,0.06999999999999999,0.33999999999999997,0.35000000000000003,26.46,7.08,0.1,0.04,0.72,3.0700000000000003,5.0200000000000005,2.06,14.24,0.8500000000000001,8.540000000000001,1.87,2.78,0.05,0.44999999999999996,0,0,1.94,3.6700000000000004
February 2013,0.6,0.27999999999999997,8.61,9.48,0.31,0.08,0.8099999999999999,0.08,0.33999999999999997,0.33,26.68,7.02,0.1,0.03,0.72,3.05,5.13,1.9900000000000002,14.27,0.7799999999999999,8.790000000000001,1.87,2.74,0.06,0.42,0,0.01,1.81,3.62
March 2013,0.62,0.26,8.450000000000001,9.46,0.33,0.08,0.83,0.06999999999999999,0.37,0.31,26.56,7.06,0.09,0.03,0.7000000000000001,3.1,5.36,1.91,14.26,0.74,8.93,1.8800000000000001,2.7,0.06,0.48,0,0.01,1.81,3.5700000000000003
April 2013,0.61,0.25,8.33,9.48,0.33,0.06999999999999999,0.7799999999999999,0.05,0.38,0.31,26.479999999999997,7.17,0.11,0.02,0.67,3.19,5.38,1.9,14.09,0.73,9.120000000000001,1.96,2.7199999999999998,0.08,0.49,0,0.03,1.82,3.46
May 2013,0.61,0.26,8.14,9.69,0.36,0.08,0.76,0.06,0.37,0.27,26.3,7.3,0.13,0.03,0.69,3.19,5.37,1.9,14.180000000000001,0.73,9.31,1.96,2.67,0.08,0.44999999999999996,0,0.04,1.73,3.36
June 2013,0.62,0.25,8.07,9.74,0.38,0.08,0.76,0.08,0.4,0.27999999999999997,26.21,7.489999999999999,0.12,0.02,0.69,3.1399999999999997,5.33,1.82,14.21,0.67,9.48,1.9800000000000002,2.7,0.09,0.48,0,0.04,1.6199999999999999,3.2300000000000004
July 2013,0.59,0.22,7.9,9.94,0.37,0.09,0.69,0.08,0.42,0.25,26.36,7.57,0.12,0.03,0.66,3.11,5.29,1.81,14.21,0.64,9.64,1.94,2.65,0.1,0.5,0,0.06,1.6099999999999999,3.17
August 2013,0.62,0.22,7.88,9.92,0.35000000000000003,0.09,0.72,0.06999999999999999,0.4,0.25,26.25,7.7299999999999995,0.13,0.03,0.62,3.1300000000000003,5.33,1.8599999999999999,14.02,0.65,9.62,1.9900000000000002,2.74,0.09,0.53,0,0.05,1.63,3.08
September 2013,0.61,0.21,7.9,9.87,0.33,0.1,0.7000000000000001,0.09,0.37,0.27999999999999997,26.27,7.720000000000001,0.13999999999999999,0.03,0.65,3.08,5.33,1.8499999999999999,13.900000000000002,0.6799999999999999,9.790000000000001,2.0500000000000003,2.77,0.08,0.52,0,0.06999999999999999,1.6099999999999999,3.02
October 2013,0.61,0.21,7.85,9.87,0.32,0.1,0.7100000000000001,0.08,0.36,0.27,26.08,7.57,0.12,0.02,0.65,3,5.86,1.8399999999999999,13.77,0.67,9.81,2.08,2.85,0.06999999999999999,0.51,0,0.05,1.6099999999999999,3.04
November 2013,0.59,0.2,8.03,9.76,0.3,0.1,0.65,0.08,0.35000000000000003,0.26,26.450000000000003,7.46,0.11,0.02,0.59,2.9899999999999998,6.12,1.79,13.55,0.67,9.86,2.08,2.74,0.06999999999999999,0.51,0,0.05,1.5599999999999998,3.0700000000000003
December 2013,0.6,0.2,8.08,9.75,0.3,0.1,0.65,0.06999999999999999,0.38,0.27,26.38,7.32,0.13999999999999999,0.01,0.58,3,6.35,1.76,13.320000000000002,0.7100000000000001,9.790000000000001,2.12,2.68,0.06999999999999999,0.5599999999999999,0,0.05,1.6400000000000001,3.1199999999999997
January 2014,0.59,0.22,8.12,9.700000000000001,0.33,0.12,0.6799999999999999,0.08,0.38999999999999996,0.27999999999999997,26.179999999999996,7.340000000000001,0.15,0.01,0.5599999999999999,3.0300000000000002,6.49,1.71,13.139999999999999,0.72,9.92,2.17,2.7,0.09,0.5700000000000001,0,0.05,1.66,3.02
February 2014,0.6,0.22,8.129999999999999,9.6,0.36,0.16,0.69,0.1,0.42,0.35000000000000003,26.08,7.340000000000001,0.18,0.01,0.61,3.05,6.619999999999999,1.5,13.01,0.73,9.959999999999999,2.17,2.59,0.16,0.61,0.06,0.09,1.68,2.91
March 2014,0.5599999999999999,0.22,8.1,9.62,0.36,0.13999999999999999,0.6799999999999999,0.1,0.44,0.33,25.82,7.580000000000001,0.16999999999999998,0.01,0.5700000000000001,3.1199999999999997,6.88,1.35,12.91,0.7100000000000001,9.9,2.1999999999999997,2.59,0.22,0.62,0.12,0.06999999999999999,1.69,2.94
April 2014,0.5499999999999999,0.22999999999999998,8.08,9.66,0.36,0.15,0.6799999999999999,0.11,0.44,0.35000000000000003,26.13,7.670000000000001,0.16999999999999998,0.01,0.58,3.0700000000000003,6.5,1.18,12.950000000000001,0.72,10.02,2.18,2.53,0.25,0.62,0.18,0.09,1.69,2.8400000000000003
May 2014,0.6,0.26,7.95,9.67,0.38,0.18,0.74,0.16,0.47000000000000003,0.38999999999999996,25.82,7.76,0.2,0.01,0.64,3.02,6.4399999999999995,1.02,12.920000000000002,0.73,10.07,2.1999999999999997,2.6,0.27999999999999997,0.67,0.25,0.11,1.7000000000000002,2.77
June 2014,0.59,0.29,7.88,9.68,0.36,0.19,0.72,0.16999999999999998,0.44,0.38999999999999996,25.919999999999998,7.7700000000000005,0.18,0.01,0.63,2.97,6.39,0.88,12.950000000000001,0.74,10.2,2.2800000000000002,2.59,0.33,0.67,0.31,0.11,1.66,2.7
July 2014,0.6,0.29,7.829999999999999,9.65,0.35000000000000003,0.16999999999999998,0.7000000000000001,0.18,0.43,0.38,25.979999999999997,7.75,0.18,0,0.64,2.93,6.370000000000001,0.8699999999999999,12.85,0.74,10.09,2.2800000000000002,2.6100000000000003,0.31,0.66,0.6799999999999999,0.12,1.66,2.67
August 2014,0.58,0.3,7.79,9.59,0.32,0.15,0.66,0.16,0.43,0.33999999999999997,26.179999999999996,7.6,0.16999999999999998,0,0.61,2.88,6.29,0.9900000000000001,12.86,0.75,10.2,2.2800000000000002,2.63,0.27999999999999997,0.65,0.96,0.11,1.6400000000000001,2.6
September 2014,0.59,0.33999999999999997,7.829999999999999,9.56,0.33,0.18,0.65,0.2,0.44999999999999996,0.35000000000000003,26.07,7.489999999999999,0.2,0,0.61,2.8000000000000003,6.140000000000001,1.11,12.73,0.77,10.17,2.37,2.64,0.22999999999999998,0.66,1.23,0.13,1.6099999999999999,2.53
October 2014,0.59,0.33999999999999997,7.9399999999999995,9.55,0.3,0.19,0.63,0.21,0.44,0.33,25.88,7.41,0.21,0,0.58,2.85,6.21,1.23,12.49,0.7799999999999999,10.33,2.39,2.58,0.2,0.67,1.54,0.13999999999999999,1.54,2.45
November 2014,0.54,0.33,8,9.47,0.29,0.16999999999999998,0.5700000000000001,0.19,0.42,0.3,25.89,7.32,0.2,0,0.52,2.9000000000000004,6.3,1.29,12.27,0.8,10.45,2.4699999999999998,2.5100000000000002,0.16999999999999998,0.65,1.8900000000000001,0.13,1.54,2.39
December 2014,0.5499999999999999,0.35000000000000003,7.99,9.24,0.33,0.16,0.59,0.21,0.44,0.31,25.66,7.290000000000001,0.2,0,0.52,2.9499999999999997,6.279999999999999,1.43,11.98,0.8099999999999999,10.48,2.48,2.54,0.15,0.6799999999999999,2.3,0.13,1.52,2.4299999999999997
January 2015,0.5599999999999999,0.36,8.02,9.15,0.31,0.16999999999999998,0.5599999999999999,0.21,0.45999999999999996,0.33999999999999997,25.55,7.3,0.21,0,0.51,3.02,6.2,1.39,11.899999999999999,0.77,10.620000000000001,2.5700000000000003,2.54,0.16,0.7000000000000001,2.4,0.13,1.49,2.4
February 2015,0.54,0.33999999999999997,7.969999999999999,9.25,0.32,0.15,0.58,0.22999999999999998,0.45999999999999996,0.33999999999999997,25.31,7.33,0.19,0,0.53,3.0700000000000003,6.18,1.38,11.74,0.76,10.76,2.67,2.5100000000000002,0.15,0.7100000000000001,2.4899999999999998,0.12,1.47,2.45
March 2015,0.53,0.33,7.91,9.24,0.32,0.13,0.5599999999999999,0.21,0.44999999999999996,0.35000000000000003,25.35,7.2700000000000005,0.16,0,0.51,3.18,6.1,1.35,11.709999999999999,0.75,11.03,2.68,2.5,0.13999999999999999,0.73,2.59,0.11,1.4500000000000002,2.37
April 2015,0.5499999999999999,0.35000000000000003,7.8,9.13,0.35000000000000003,0.11,0.58,0.21,0.47000000000000003,0.36,25.169999999999998,7.33,0.16,0,0.5499999999999999,3.2099999999999995,5.949999999999999,1.31,11.67,0.76,11.06,2.77,2.55,0.16,0.79,2.65,0.11,1.5,2.3800000000000003
May 2015,0.5599999999999999,0.33,7.630000000000001,9.25,0.33999999999999997,0.1,0.59,0.21,0.48,0.35000000000000003,25.169999999999998,7.41,0.16,0,0.54,3.2,5.7700000000000005,1.34,11.76,0.74,11.08,2.79,2.59,0.16999999999999998,0.8099999999999999,2.63,0.13999999999999999,1.51,2.35
June 2015,0.53,0.3,7.61,9.39,0.31,0.1,0.58,0.22999999999999998,0.47000000000000003,0.35000000000000003,25.169999999999998,7.449999999999999,0.15,0,0.53,3.19,5.7,1.35,11.75,0.75,11.129999999999999,2.83,2.6100000000000003,0.18,0.8099999999999999,2.64,0.15,1.52,2.23
July 2015,0.51,0.3,7.5600000000000005,9.45,0.32,0.09,0.5700000000000001,0.22999999999999998,0.45999999999999996,0.33,25.240000000000002,7.41,0.13999999999999999,0,0.52,3.08,5.65,1.34,11.75,0.8,11.25,2.85,2.59,0.16999999999999998,0.8099999999999999,2.7,0.16999999999999998,1.53,2.16
August 2015,0.5499999999999999,0.31,7.57,9.33,0.33999999999999997,0.1,0.5599999999999999,0.25,0.47000000000000003,0.31,25.1,7.470000000000001,0.16999999999999998,0,0.49,2.97,5.63,1.34,11.72,0.84,11.25,2.87,2.64,0.22,0.8699999999999999,2.74,0.21,1.58,2.11
September 2015,0.54,0.31,7.64,9.28,0.33999999999999997,0.11,0.5499999999999999,0.27,0.44999999999999996,0.29,25.25,7.430000000000001,0.18,0,0.48,2.87,5.609999999999999,1.31,11.62,0.8200000000000001,11.37,2.86,2.63,0.24,0.89,2.78,0.22999999999999998,1.59,2.04
October 2015,0.5599999999999999,0.29,7.66,9.21,0.32,0.11,0.54,0.27,0.44999999999999996,0.29,25.319999999999997,7.470000000000001,0.18,0,0.48,2.77,5.62,1.3,11.5,0.8099999999999999,11.469999999999999,2.8899999999999997,2.63,0.25,0.8999999999999999,2.9000000000000004,0.24,1.59,1.9900000000000002
November 2015,0.53,0.32,7.7,9.1,0.33999999999999997,0.13999999999999999,0.52,0.29,0.44,0.31,25.2,7.35,0.21,0,0.51,2.77,5.56,1.3,11.24,0.8200000000000001,11.600000000000001,2.97,2.6100000000000003,0.27999999999999997,0.9400000000000001,3.05,0.27,1.6099999999999999,2.01
December 2015,0.54,0.32,7.71,9.049999999999999,0.33,0.13999999999999999,0.5,0.27,0.44,0.29,25.14,7.4399999999999995,0.21,0,0.49,2.81,5.510000000000001,1.21,11.23,0.79,11.83,2.9899999999999998,2.56,0.27,0.96,3.1,0.3,1.6,1.97
January 2016,0.51,0.33,7.829999999999999,8.93,0.32,0.13999999999999999,0.51,0.29,0.4,0.3,25.069999999999997,7.6,0.21,0,0.49,2.87,5.54,1.2,11.07,0.74,11.899999999999999,3.04,2.5,0.27,1,3.1,0.32,1.59,1.9300000000000002
February 2016,0.47000000000000003,0.33999999999999997,7.8,8.99,0.29,0.12,0.47000000000000003,0.29,0.37,0.32,24.87,7.6,0.2,0,0.51,2.94,5.56,1.17,11.020000000000001,0.66,12.25,3.06,2.46,0.25,0.96,3.2300000000000004,0.33999999999999997,1.54,1.9
March 2016,0.44999999999999996,0.33999999999999997,7.6499999999999995,8.97,0.29,0.11,0.45999999999999996,0.3,0.37,0.33999999999999997,24.54,7.71,0.19,0.03,0.54,2.97,5.52,1.1400000000000001,11.03,0.66,12.53,3.15,2.42,0.25,0.96,3.27,0.38,1.52,1.9
April 2016,0.42,0.38,7.53,8.95,0.32,0.1,0.44999999999999996,0.33999999999999997,0.38,0.33999999999999997,24.33,7.6899999999999995,0.21,0.03,0.52,3.06,5.489999999999999,1.11,11.020000000000001,0.65,12.7,3.2300000000000004,2.3800000000000003,0.27,0.9900000000000001,3.3099999999999996,0.44999999999999996,1.51,1.8599999999999999
May 2016,0.41000000000000003,0.38999999999999996,7.5,9,0.31,0.06999999999999999,0.44,0.37,0.38,0.33,24.25,7.6899999999999995,0.16999999999999998,0.03,0.53,3.04,5.46,1.06,11.09,0.63,12.83,3.27,2.37,0.24,0.97,3.42,0.5,1.46,1.79
June 2016,0.41000000000000003,0.41000000000000003,7.3999999999999995,9,0.35000000000000003,0.06999999999999999,0.42,0.4,0.38,0.33999999999999997,23.97,7.720000000000001,0.16999999999999998,0.04,0.58,2.93,5.489999999999999,1.06,11.01,0.64,13.170000000000002,3.3000000000000003,2.3,0.27999999999999997,1.01,3.4099999999999997,0.61,1.41,1.71
July 2016,0.44,0.43,7.31,9.049999999999999,0.35000000000000003,0.06,0.38999999999999996,0.44,0.4,0.33,23.64,7.6499999999999995,0.15,0.06999999999999999,0.58,2.88,5.38,1.05,10.870000000000001,0.67,13.5,3.4000000000000004,2.32,0.29,1.06,3.4799999999999995,0.7000000000000001,1.41,1.69
August 2016,0.42,0.44999999999999996,7.2700000000000005,9.08,0.37,0.06999999999999999,0.41000000000000003,0.44,0.43,0.32,23.66,7.61,0.16,0.08,0.59,2.79,5.3,1,10.74,0.7000000000000001,13.669999999999998,3.42,2.32,0.3,1.0999999999999999,3.46,0.7799999999999999,1.41,1.66
September 2016,0.42,0.52,7.2700000000000005,9.049999999999999,0.37,0.09,0.4,0.45999999999999996,0.43,0.33999999999999997,23.549999999999997,7.61,0.19,0.06,0.5599999999999999,2.7199999999999998,5.26,1.03,10.620000000000001,0.72,13.819999999999999,3.4000000000000004,2.29,0.32,1.11,3.53,0.84,1.41,1.6
October 2016,0.44,0.53,7.290000000000001,8.99,0.33999999999999997,0.09,0.4,0.43,0.44,0.33999999999999997,23.380000000000003,7.630000000000001,0.18,0.06,0.59,2.67,5.25,1.0699999999999998,10.41,0.75,14.069999999999999,3.45,2.2800000000000002,0.31,1.1400000000000001,3.51,0.9400000000000001,1.43,1.6
November 2016,0.45999999999999996,0.53,7.430000000000001,8.76,0.33,0.11,0.38999999999999996,0.42,0.44,0.33999999999999997,23.06,7.82,0.22,0.08,0.5700000000000001,2.67,5.24,1.05,10.22,0.77,14.499999999999998,3.4799999999999995,2.22,0.32,1.17,3.4000000000000004,0.9900000000000001,1.44,1.59
December 2016,0.44,0.53,7.61,8.649999999999999,0.27999999999999997,0.09,0.35000000000000003,0.41000000000000003,0.42,0.32,23.09,7.93,0.22,0.08,0.5,2.69,5.1,0.98,10.12,0.75,14.85,3.52,2.18,0.29,1.0999999999999999,3.51,0.96,1.4200000000000002,1.59
January 2017,0.42,0.52,7.51,8.59,0.27,0.1,0.35000000000000003,0.38999999999999996,0.43,0.31,22.919999999999998,8.04,0.25,0.06999999999999999,0.49,2.67,5.140000000000001,0.9400000000000001,10.09,0.7799999999999999,15.21,3.52,2.17,0.29,1.08,3.4799999999999995,1.01,1.39,1.58
February 2017,0.48,0.51,7.57,8.459999999999999,0.27999999999999997,0.12,0.35000000000000003,0.44,0.44999999999999996,0.33,22.53,8.03,0.22999999999999998,0.09,0.47000000000000003,2.75,5,0.9199999999999999,9.969999999999999,0.7799999999999999,15.57,3.61,2.1399999999999997,0.3,1.0999999999999999,3.5000000000000004,1.05,1.4000000000000001,1.58
March 2017,0.49,0.5,7.46,8.39,0.31,0.11,0.35000000000000003,0.45999999999999996,0.45999999999999996,0.32,22.36,8.110000000000001,0.2,0.1,0.48,2.75,4.82,0.86,9.85,0.8,16.06,3.7199999999999998,2.09,0.33,1.16,3.5000000000000004,1.0999999999999999,1.35,1.53
April 2017,0.5,0.49,7.41,8.4,0.33999999999999997,0.12,0.36,0.52,0.47000000000000003,0.32,22.11,8.219999999999999,0.21,0.1,0.49,2.7,4.67,0.79,9.82,0.7799999999999999,16.439999999999998,3.81,2.03,0.35000000000000003,1.18,3.44,1.11,1.31,1.5
May 2017,0.48,0.45999999999999996,7.26,8.450000000000001,0.36,0.11,0.33999999999999997,0.54,0.45999999999999996,0.33,22.009999999999998,8.28,0.16999999999999998,0.09,0.48,2.67,4.54,0.7799999999999999,9.719999999999999,0.76,16.71,3.93,2.0500000000000003,0.33999999999999997,1.25,3.4799999999999995,1.16,1.31,1.48
June 2017,0.49,0.45999999999999996,7.07,8.43,0.36,0.11,0.33999999999999997,0.5599999999999999,0.48,0.33,21.69,8.260000000000002,0.16999999999999998,0.24,0.5,2.6100000000000003,4.5,0.8,9.49,0.79,17.080000000000002,4.04,2.11,0.37,1.32,3.44,1.21,1.35,1.4000000000000001
July 2017,0.5,0.43,7.03,8.25,0.35000000000000003,0.1,0.33,0.61,0.5,0.33,21.66,8.3,0.15,0.37,0.48,2.5700000000000003,4.37,0.8099999999999999,9.2,0.77,17.44,4.130000000000001,2.08,0.36,1.3299999999999998,3.5000000000000004,1.25,1.44,1.34
August 2017,0.48,0.41000000000000003,6.94,8.110000000000001,0.32,0.08,0.33,0.59,0.49,0.3,21.88,8.44,0.16,0.43,0.44,2.46,4.3,0.79,8.99,0.76,17.84,4.21,2.04,0.35000000000000003,1.3299999999999998,3.5000000000000004,1.3,1.43,1.28
September 2017,0.48,0.36,6.909999999999999,8.05,0.3,0.1,0.32,0.61,0.52,0.3,21.91,8.43,0.16999999999999998,0.53,0.42,2.36,4.24,0.8200000000000001,8.799999999999999,0.75,18.17,4.25,2,0.31,1.31,3.47,1.35,1.49,1.28
October 2017,0.45999999999999996,0.33999999999999997,6.81,8.02,0.26,0.06999999999999999,0.27999999999999997,0.62,0.5,0.26,21.990000000000002,8.38,0.15,0.67,0.33,2.32,4.17,0.84,8.62,0.7799999999999999,18.73,4.17,1.94,0.29,1.35,3.51,1.38,1.51,1.24
November 2017,0.47000000000000003,0.33,6.67,7.960000000000001,0.25,0.08,0.29,0.66,0.54,0.24,22.03,8.3,0.15,0.7799999999999999,0.31,2.26,4.130000000000001,0.86,8.41,0.8200000000000001,19.25,4.16,1.8599999999999999,0.3,1.32,3.46,1.37,1.51,1.23
December 2017,0.47000000000000003,0.33999999999999997,6.6000000000000005,7.779999999999999,0.27,0.09,0.33,0.7100000000000001,0.5499999999999999,0.26,22.08,8.260000000000002,0.18,0.79,0.35000000000000003,2.23,4.01,0.88,8.33,0.86,19.61,4.15,1.76,0.31,1.32,3.32,1.39,1.48,1.29
January 2018,0.48,0.36,6.529999999999999,7.84,0.27,0.08,0.31,0.75,0.54,0.25,21.98,8.19,0.18,0.76,0.38,2.22,3.8899999999999997,0.8500000000000001,8.260000000000002,0.8699999999999999,20.14,4.19,1.72,0.33999999999999997,1.31,3.17,1.41,1.4200000000000002,1.3
February 2018,0.49,0.36,6.41,7.829999999999999,0.29,0.08,0.29,0.8099999999999999,0.51,0.27999999999999997,21.78,8.200000000000001,0.16999999999999998,0.8099999999999999,0.4,2.2800000000000002,3.7900000000000005,0.86,8.219999999999999,0.9299999999999999,20.57,4.15,1.67,0.32,1.31,3.05,1.41,1.41,1.31
March 2018,0.48,0.37,6.29,7.82,0.27999999999999997,0.06,0.29,0.8200000000000001,0.5,0.29,21.77,8.17,0.19,0.8500000000000001,0.4,2.31,3.7199999999999998,0.83,8.06,0.95,21,4.15,1.68,0.35000000000000003,1.29,2.96,1.43,1.38,1.31
April 2018,0.47000000000000003,0.36,6.21,7.7700000000000005,0.29,0.09,0.29,0.83,0.51,0.32,21.790000000000003,8.219999999999999,0.2,0.86,0.42,2.26,3.5900000000000003,0.79,8.01,0.96,21.45,4.17,1.67,0.36,1.1900000000000002,2.85,1.4500000000000002,1.35,1.27
May 2018,0.47000000000000003,0.38999999999999996,6.17,7.68,0.3,0.1,0.27999999999999997,0.8500000000000001,0.5,0.33,21.68,8.24,0.2,0.8699999999999999,0.44,2.23,3.46,0.74,7.99,0.9299999999999999,22.05,4.130000000000001,1.6500000000000001,0.37,1.17,2.77,1.46,1.35,1.23
June 2018,0.48,0.38999999999999996,6,7.720000000000001,0.31,0.11,0.25,0.86,0.51,0.31,21.69,8.34,0.16,0.8699999999999999,0.4,2.22,3.37,0.72,7.870000000000001,0.9400000000000001,22.439999999999998,4.06,1.6500000000000001,0.38999999999999996,1.16,2.73,1.46,1.38,1.1900000000000002
July 2018,0.51,0.37,5.93,7.6499999999999995,0.31,0.15,0.25,0.8500000000000001,0.53,0.31,21.58,8.36,0.18,0.9199999999999999,0.4,2.16,3.29,0.73,7.75,0.97,22.81,4.02,1.6099999999999999,0.4,1.1900000000000002,2.73,1.47,1.39,1.1900000000000002
August 2018,0.52,0.37,5.949999999999999,7.62,0.32,0.16999999999999998,0.29,0.86,0.5700000000000001,0.27,21.62,8.33,0.18,0.97,0.37,2.08,3.2300000000000004,0.7100000000000001,7.57,0.95,23.21,3.9800000000000004,1.5599999999999998,0.41000000000000003,1.1900000000000002,2.67,1.48,1.4000000000000001,1.15
September 2018,0.54,0.38999999999999996,6.04,7.57,0.32,0.19,0.27999999999999997,0.91,0.53,0.25,21.42,8.28,0.22,0.97,0.37,2.02,3.2199999999999998,0.7000000000000001,7.489999999999999,0.96,23.44,3.9899999999999998,1.58,0.42,1.21,2.6599999999999997,1.49,1.4200000000000002,1.13
October 2018,0.5499999999999999,0.38999999999999996,6.0600000000000005,7.53,0.31,0.18,0.27,0.9400000000000001,0.52,0.25,21.349999999999998,8.260000000000002,0.25,1,0.35000000000000003,1.9900000000000002,3.19,0.67,7.340000000000001,0.9400000000000001,23.919999999999998,3.93,1.5699999999999998,0.4,1.21,2.59,1.48,1.44,1.13
November 2018,0.5499999999999999,0.38,6.08,7.5,0.32,0.19,0.27999999999999997,0.9400000000000001,0.48,0.24,21.19,8.21,0.27,1.06,0.33,1.97,3.1300000000000003,0.66,7.17,0.95,24.349999999999998,3.91,1.5599999999999998,0.41000000000000003,1.21,2.5700000000000003,1.52,1.44,1.13
December 2018,0.54,0.37,6.2,7.46,0.27999999999999997,0.18,0.27999999999999997,0.98,0.44,0.25,21.029999999999998,8.1,0.27,1.09,0.32,1.9800000000000002,3.15,0.61,7.180000000000001,0.9199999999999999,24.560000000000002,3.9600000000000004,1.53,0.42,1.1900000000000002,2.6,1.5599999999999998,1.4200000000000002,1.13
January 2019,0.51,0.38,6.140000000000001,7.4399999999999995,0.29,0.19,0.3,1.01,0.43,0.27,20.990000000000002,8.14,0.3,1.11,0.32,1.9800000000000002,3.06,0.58,7.17,0.88,25,3.93,1.49,0.42,1.16,2.5,1.53,1.38,1.0999999999999999
February 2019,0.49,0.37,6.1,7.4399999999999995,0.29,0.18,0.26,1.02,0.41000000000000003,0.29,20.79,8.1,0.33999999999999997,1.09,0.3,1.95,3.01,0.5499999999999999,7.17,0.88,25.52,3.94,1.5,0.43,1.13,2.46,1.5599999999999998,1.3599999999999999,1.09
March 2019,0.47000000000000003,0.33999999999999997,6,7.380000000000001,0.31,0.2,0.25,1.05,0.44999999999999996,0.29,20.61,8.129999999999999,0.3,1.1199999999999999,0.31,1.9800000000000002,2.8899999999999997,0.51,7.12,0.8999999999999999,26.119999999999997,3.93,1.41,0.43,1.08,2.41,1.5599999999999998,1.35,1.09
April 2019,0.45999999999999996,0.33,5.93,7.359999999999999,0.33,0.21,0.27,1.06,0.44,0.27999999999999997,20.44,8.17,0.29,1.13,0.32,1.95,2.8000000000000003,0.53,7.07,0.91,26.5,3.91,1.4000000000000001,0.48,1.08,2.3800000000000003,1.5699999999999998,1.32,1.08
May 2019,0.48,0.35000000000000003,5.8500000000000005,7.23,0.35000000000000003,0.24,0.29,1.15,0.48,0.27,20.150000000000002,8.19,0.3,1.17,0.33999999999999997,1.92,2.77,0.5700000000000001,6.97,0.98,26.669999999999998,3.9600000000000004,1.34,0.53,1.0699999999999998,2.34,1.58,1.3599999999999999,1.0999999999999999
June 2019,0.47000000000000003,0.37,5.74,7.180000000000001,0.35000000000000003,0.27,0.27,1.17,0.5,0.24,19.950000000000003,8.19,0.3,1.23,0.33999999999999997,1.8900000000000001,2.7,0.59,6.79,1,27.279999999999998,3.9,1.35,0.48,1.09,2.29,1.6,1.38,1.06
July 2019,0.47000000000000003,0.38999999999999996,5.74,7.140000000000001,0.36,0.29,0.25,1.1900000000000002,0.53,0.22,19.72,8.09,0.29,1.27,0.33999999999999997,1.82,2.69,0.5700000000000001,6.61,1.0699999999999998,27.73,3.82,1.35,0.52,1.0999999999999999,2.37,1.63,1.37,1.04
August 2019,0.48,0.4,5.6899999999999995,7.049999999999999,0.38,0.3,0.22999999999999998,1.27,0.54,0.24,19.470000000000002,8.04,0.29,1.39,0.33,1.81,2.59,0.6,6.41,1.1199999999999999,27.939999999999998,3.7900000000000005,1.41,0.5599999999999999,1.11,2.3800000000000003,1.72,1.4200000000000002,1.03
September 2019,0.47000000000000003,0.41000000000000003,5.7,7.06,0.37,0.33,0.22,1.3,0.54,0.27999999999999997,19.16,7.9399999999999995,0.32,1.44,0.31,1.7500000000000002,2.6,0.63,6.2700000000000005,1.15,28.15,3.74,1.4500000000000002,0.62,1.1900000000000002,2.4,1.7399999999999998,1.4200000000000002,1.03
October 2019,0.45999999999999996,0.38999999999999996,5.87,7.04,0.33999999999999997,0.35000000000000003,0.2,1.27,0.54,0.29,18.98,7.9799999999999995,0.31,1.47,0.3,1.72,2.63,0.6,6.18,1.1199999999999999,28.53,3.7800000000000002,1.38,0.61,1.13,2.4299999999999997,1.76,1.39,0.96
November 2019,0.48,0.36,5.8999999999999995,7.22,0.31,0.37,0.16999999999999998,1.27,0.52,0.3,18.94,8,0.27999999999999997,1.47,0.27,1.71,2.59,0.61,6.09,1.11,28.799999999999997,3.6999999999999997,1.4000000000000001,0.62,1.11,2.4299999999999997,1.79,1.35,0.8500000000000001
December 2019,0.52,0.32,5.949999999999999,7.199999999999999,0.33999999999999997,0.4,0.16,1.3599999999999999,0.53,0.33,18.72,7.920000000000001,0.31,1.47,0.24,1.68,2.55,0.62,6.1,1.16,28.79,3.6999999999999997,1.4200000000000002,0.67,1.11,2.4299999999999997,1.79,1.35,0.8699999999999999
January 2020,0.52,0.32,5.93,7.08,0.33,0.44999999999999996,0.18,1.41,0.5,0.33999999999999997,18.459999999999997,7.9799999999999995,0.32,1.5,0.27,1.79,2.4699999999999998,0.67,6.11,1.17,28.7,3.73,1.43,0.72,1.1199999999999999,2.37,1.81,1.4000000000000001,0.91
February 2020,0.51,0.32,5.86,7.199999999999999,0.27999999999999997,0.49,0.2,1.39,0.48,0.32,18.25,7.9,0.33999999999999997,1.47,0.31,1.73,2.44,0.64,6.18,1.18,29.28,3.75,1.3299999999999998,0.72,1.11,2.29,1.77,1.35,0.8999999999999999
March 2020,0.5499999999999999,0.33,5.87,7.23,0.26,0.5,0.19,1.37,0.44999999999999996,0.27,18.15,7.920000000000001,0.32,1.41,0.33999999999999997,1.77,2.3800000000000003,0.63,6.03,1.16,29.95,3.71,1.28,0.69,1.04,2.19,1.8399999999999999,1.3,0.8699999999999999
April 2020,0.5599999999999999,0.38,5.66,7.16,0.26,0.52,0.2,1.43,0.45999999999999996,0.27,17.76,7.85,0.33999999999999997,1.4200000000000002,0.4,1.8599999999999999,2.39,0.62,6.09,1.26,29.93,3.7600000000000002,1.3299999999999998,0.74,1.0699999999999998,2.15,1.87,1.34,0.9400000000000001
May 2020,0.52,0.43,5.63,6.890000000000001,0.32,0.5700000000000001,0.24,1.41,0.45999999999999996,0.29,17.36,7.7700000000000005,0.42,1.47,0.44999999999999996,1.9,2.4,0.54,5.970000000000001,1.23,30.459999999999997,3.83,1.34,0.8,1.0699999999999998,2.09,1.79,1.37,1
June 2020,0.5,0.5,5.59,6.64,0.33,0.61,0.27,1.38,0.48,0.29,16.830000000000002,7.779999999999999,0.48,1.44,0.54,1.8900000000000001,2.3800000000000003,0.52,5.83,1.22,30.8,3.9,1.39,0.89,1.11,2.12,1.8399999999999999,1.4200000000000002,1.03
July 2020,0.53,0.53,5.63,6.619999999999999,0.33,0.61,0.25,1.37,0.44999999999999996,0.29,16.400000000000002,7.79,0.49,1.47,0.52,1.8399999999999999,2.46,0.44999999999999996,5.800000000000001,1.16,31.41,3.9,1.35,0.9199999999999999,1.0999999999999999,2.15,1.8900000000000001,1.34,0.96
August 2020,0.54,0.5599999999999999,5.6000000000000005,6.4,0.38999999999999996,0.65,0.29,1.41,0.5,0.3,16.2,7.99,0.45999999999999996,1.51,0.53,1.8499999999999999,2.54,0.45999999999999996,5.66,1.1199999999999999,31.3,3.88,1.38,1,1.0999999999999999,2.25,1.87,1.31,0.9400000000000001
September 2020,0.49,0.58,5.48,6.21,0.41000000000000003,0.65,0.3,1.4200000000000002,0.45999999999999996,0.33999999999999997,16.11,8.15,0.45999999999999996,1.6099999999999999,0.5700000000000001,1.82,2.6100000000000003,0.42,5.8999999999999995,1.0999999999999999,31.130000000000003,3.9600000000000004,1.3599999999999999,1.02,1.06,2.42,1.7999999999999998,1.27,0.8999999999999999
October 2020,0.47000000000000003,0.5700000000000001,5.6899999999999995,6.1,0.42,0.63,0.27999999999999997,1.38,0.43,0.32,16.03,8.260000000000002,0.48,1.6099999999999999,0.5499999999999999,1.72,3.39,0.41000000000000003,5.75,1.01,31.14,3.8600000000000003,1.29,0.97,1.03,2.3800000000000003,1.79,1.23,0.8099999999999999
November 2020,0.45999999999999996,0.5700000000000001,5.92,6.2700000000000005,0.33,0.63,0.24,1.35,0.38999999999999996,0.3,16.31,8.4,0.44999999999999996,1.6199999999999999,0.52,1.73,3.56,0.41000000000000003,5.96,0.96,30.570000000000004,3.84,1.23,0.88,0.98,2.34,1.9,1.11,0.77
December 2020,0.4,0.58,6.17,6.49,0.32,0.5700000000000001,0.22,1.28,0.29,0.27,16.520000000000003,8.57,0.42,1.6400000000000001,0.49,1.7999999999999998,3.63,0.33999999999999997,6.05,0.9400000000000001,30.61,3.83,1.09,0.8,0.88,2.19,1.87,1.04,0.7100000000000001
January 2021,0.37,0.7000000000000001,6.239999999999999,6.49,0.35000000000000003,0.5599999999999999,0.24,1.31,0.35000000000000003,0.24,16.650000000000002,8.4,0.53,1.67,0.59,1.72,3.6700000000000004,0.35000000000000003,5.970000000000001,1.03,30.209999999999997,3.82,1.16,0.83,0.8099999999999999,2.11,1.76,1.1400000000000001,0.74
February 2021,0.37,0.76,6.47,6.72,0.32,0.5599999999999999,0.2,1.25,0.3,0.24,16.74,8.48,0.53,1.6400000000000001,0.58,1.71,3.56,0.3,6.1,1.04,29.970000000000002,3.84,1.05,0.9199999999999999,0.76,2,1.71,1.16,0.76
March 2021,0.4,0.79,6.63,6.79,0.31,0.58,0.22999999999999998,1.24,0.36,0.2,17.05,8.38,0.53,1.6199999999999999,0.52,1.63,3.45,0.31,6.05,1.06,29.909999999999997,3.6900000000000004,1.02,0.96,0.7100000000000001,1.7999999999999998,1.77,1.24,0.77
April 2021,0.43,0.84,6.5600000000000005,6.800000000000001,0.27999999999999997,0.61,0.26,1.31,0.41000000000000003,0.25,17.21,8.44,0.48,1.72,0.54,1.71,2.5100000000000002,0.31,6.29,1.11,29.609999999999996,3.7900000000000005,1.08,1.04,0.74,1.78,1.73,1.3,0.86
May 2021,0.49,0.91,6.43,6.74,0.36,0.6,0.3,1.41,0.44,0.25,17.419999999999998,8.49,0.49,1.73,0.6,1.5699999999999998,2.16,0.31,6.1899999999999995,1.25,29.459999999999997,3.7699999999999996,1.09,1.2,0.72,1.7000000000000002,1.6500000000000001,1.39,0.86
June 2021,0.51,0.89,6.43,6.81,0.35000000000000003,0.6,0.29,1.43,0.49,0.24,17.75,8.59,0.5,1.71,0.61,1.4200000000000002,2.02,0.32,6.12,1.21,29.48,3.62,1.0699999999999998,1.25,0.7100000000000001,1.76,1.68,1.32,0.8099999999999999
July 2021,0.5499999999999999,0.79,6.43,6.98,0.35000000000000003,0.6,0.26,1.4200000000000002,0.42,0.25,17.76,8.93,0.33999999999999997,1.69,0.53,1.43,1.7999999999999998,0.33999999999999997,6.18,1.16,29.95,3.63,0.9900000000000001,1.16,0.76,1.6199999999999999,1.67,1.23,0.79
August 2021,0.5499999999999999,0.8200000000000001,6.34,6.819999999999999,0.36,0.5499999999999999,0.32,1.46,0.38,0.25,17.79,9.06,0.33999999999999997,1.77,0.52,1.4200000000000002,1.81,0.38999999999999996,6.140000000000001,1.15,29.98,3.66,1.03,1.08,0.77,1.59,1.67,1.21,0.76
September 2021,0.5700000000000001,0.89,6.47,6.950000000000001,0.4,0.5599999999999999,0.29,1.52,0.4,0.27,17.47,9.25,0.31,1.7999999999999998,0.54,1.39,1.92,0.38,6.18,1.1900000000000002,29.220000000000002,3.8,1.09,1.13,0.83,1.59,1.54,1.25,0.79
October 2021,0.5499999999999999,0.86,6.79,7.180000000000001,0.42,0.52,0.26,1.49,0.38,0.26,17.59,9.07,0.33,1.71,0.52,1.3599999999999999,1.95,0.36,6.1,1.25,29.32,3.62,1.06,1.15,0.8,1.5699999999999998,1.55,1.26,0.72
November 2021,0.5,0.83,6.890000000000001,7.21,0.33999999999999997,0.49,0.21,1.4000000000000001,0.36,0.25,17.330000000000002,9.19,0.29,1.69,0.44,1.41,2.09,0.37,6.1,1.13,29.67,3.75,1.01,1.0699999999999998,0.7799999999999999,1.68,1.6199999999999999,1.22,0.69
December 2021,0.5,0.79,6.950000000000001,7.19,0.31,0.44999999999999996,0.2,1.34,0.33999999999999997,0.25,17.7,9.02,0.2,1.7500000000000002,0.35000000000000003,1.6,2.1399999999999997,0.38,6.1899999999999995,1.0699999999999998,29.37,4.09,0.9400000000000001,1.01,0.72,1.63,1.6500000000000001,1.1900000000000002,0.6799999999999999
January 2022,0.42,0.73,7.430000000000001,7.290000000000001,0.22999999999999998,0.4,0.21,1.1900000000000002,0.33999999999999997,0.24,18.07,9.09,0.2,1.71,0.31,1.7500000000000002,2.2800000000000002,0.33,6.0600000000000005,0.9400000000000001,28.82,4.21,0.83,0.97,0.6,1.92,1.7500000000000002,1.06,0.61
February 2022,0.43,0.64,7.489999999999999,7.46,0.2,0.5,0.13,1.22,0.38,0.24,18.08,9.030000000000001,0.2,1.6500000000000001,0.36,1.77,2.3,0.29,5.970000000000001,0.9199999999999999,28.38,4.25,0.8099999999999999,1.02,0.62,2,1.9900000000000002,1.05,0.61
March 2022,0.41000000000000003,0.59,7.39,7.35,0.18,0.5499999999999999,0.09,1.26,0.38,0.22,18.19,9.08,0.22999999999999998,1.6099999999999999,0.38,1.9,2.2399999999999998,0.27999999999999997,5.83,0.8099999999999999,28.46,4.37,0.74,1.06,0.59,2.08,2.22,0.95,0.5599999999999999
April 2022,0.41000000000000003,0.62,7.1499999999999995,7.21,0.21,0.65,0.06999999999999999,1.39,0.36,0.21,18.08,9.3,0.29,1.63,0.44,1.9,2.23,0.32,5.62,0.7000000000000001,28.18,4.6,0.74,1.13,0.59,2.16,2.41,0.88,0.53
May 2022,0.42,0.5700000000000001,6.99,7.24,0.22,0.7000000000000001,0.05,1.54,0.38999999999999996,0.22,17.98,9.36,0.35000000000000003,1.67,0.49,1.8399999999999999,2.2399999999999998,0.29,5.6000000000000005,0.73,27.73,4.54,0.83,1.26,0.62,2.19,2.56,0.86,0.53
June 2022,0.4,0.65,6.75,7.26,0.22999999999999998,0.83,0.02,1.7500000000000002,0.41000000000000003,0.26,17.419999999999998,9.66,0.42,1.72,0.5599999999999999,1.7000000000000002,2.19,0.29,5.41,0.7799999999999999,27.42,4.44,0.97,1.41,0.69,2.22,2.64,0.91,0.59
July 2022,0.44999999999999996,0.73,6.22,7.049999999999999,0.26,0.88,0,2,0.42,0.29,17.16,9.5,0.47000000000000003,1.78,0.62,1.5699999999999998,2.11,0.31,5.45,0.86,27.58,4.38,1.0999999999999999,1.5699999999999998,0.76,2.06,2.76,1.01,0.63
August 2022,0.44,0.7799999999999999,6.2,6.950000000000001,0.32,0.8500000000000001,0,2.09,0.44999999999999996,0.26,17.11,9.49,0.48,1.77,0.62,1.54,2.06,0.32,5.43,0.88,27.74,4.33,1.1400000000000001,1.6099999999999999,0.73,2.02,2.77,1.01,0.61
September 2022,0.44999999999999996,0.77,6.25,7.03,0.33999999999999997,0.86,0,2.13,0.42,0.29,17.02,9.5,0.44999999999999996,1.7999999999999998,0.64,1.49,2.01,0.35000000000000003,5.33,0.91,27.85,4.16,1.15,1.59,0.73,2.01,2.83,1.02,0.62
October 2022,0.48,0.79,6.34,6.99,0.33,0.84,0,2.07,0.44999999999999996,0.27999999999999997,16.91,9.56,0.41000000000000003,1.8499999999999999,0.59,1.47,2.13,0.33999999999999997,5.27,0.91,27.93,4.08,1.1400000000000001,1.6400000000000001,0.7000000000000001,2.03,2.79,1.02,0.63
November 2022,0.48,0.8500000000000001,6.52,6.950000000000001,0.33999999999999997,0.88,0,2.02,0.4,0.3,16.72,9.48,0.38999999999999996,1.83,0.58,1.58,2.13,0.36,5.17,0.9299999999999999,27.98,4.05,1.11,1.73,0.69,2.1,2.81,1.01,0.62
December 2022,0.5,0.88,6.68,6.93,0.35000000000000003,0.83,0,1.96,0.37,0.33,16.7,9.39,0.38,1.79,0.58,1.63,2.16,0.36,5.21,0.9299999999999999,28.01,3.9899999999999998,1.04,1.78,0.67,2.15,2.76,1.03,0.6
January 2023,0.45999999999999996,0.8500000000000001,6.84,6.93,0.38999999999999996,0.8200000000000001,0,1.92,0.38999999999999996,0.32,16.63,9.55,0.38999999999999996,1.7999999999999998,0.58,1.63,2.19,0.35000000000000003,5.24,0.89,27.689999999999998,3.9899999999999998,1.02,1.8900000000000001,0.63,2.21,2.77,1.02,0.59
February 2023,0.45999999999999996,0.89,6.84,6.92,0.37,0.8200000000000001,0.02,1.9300000000000002,0.36,0.35000000000000003,16.6,9.569999999999999,0.38999999999999996,1.83,0.5599999999999999,1.69,2.2399999999999998,0.37,5.1499999999999995,0.8699999999999999,27.42,4.09,1.03,1.95,0.62,2.27,2.8000000000000003,1.01,0.58
March 2023,0.45999999999999996,0.9299999999999999,6.859999999999999,6.81,0.37,0.8,0.09,1.9,0.37,0.33999999999999997,16.42,9.54,0.42,1.82,0.5700000000000001,1.73,2.2399999999999998,0.33999999999999997,5.16,0.89,27.389999999999997,4.2,1.03,2.06,0.65,2.25,2.8400000000000003,0.98,0.5599999999999999
April 2023,0.45999999999999996,0.95,6.7299999999999995,6.819999999999999,0.38999999999999996,0.8099999999999999,0.13,1.96,0.33,0.33999999999999997,16.35,9.520000000000001,0.43,1.79,0.58,1.72,2.13,0.36,5.140000000000001,0.95,27.29,4.2299999999999995,1.03,2.11,0.6799999999999999,2.3,2.88,0.96,0.6
May 2023,0.48,1.02,6.550000000000001,6.92,0.4,0.7799999999999999,0.16,1.95,0.37,0.32,16.35,9.520000000000001,0.4,1.77,0.59,1.63,2.13,0.36,5.1,0.95,27.27,4.34,1.04,2.08,0.7799999999999999,2.3,2.88,0.95,0.61
